{
  "test_info": {
    "model": "MyMainLLM",
    "prompt": "birds are not very good singers.",
    "runs_per_test": 3,
    "thread_count": 8,
    "timestamp": "2025-05-07 05:09:23"
  },
  "results": {
    "direct_non_streaming": {
      "mode": "direct",
      "streaming": false,
      "runs": 3,
      "avg_time_seconds": 5.192948182423909,
      "avg_tokens": 143.33333333333334,
      "avg_tokens_per_second": 27.08645377559071,
      "thread_count": 8,
      "all_times": [
        4.66021466255188,
        7.956073522567749,
        2.9625563621520996
      ],
      "all_tokens_per_second": [
        26.822798744543547,
        28.783042206740742,
        25.653520375487833
      ]
    },
    "direct_streaming": {
      "mode": "direct",
      "streaming": true,
      "runs": 3,
      "avg_time_seconds": 5.278246243794759,
      "avg_tokens": 180.66666666666666,
      "avg_tokens_per_second": 34.27155893808208,
      "thread_count": 8,
      "all_times": [
        4.915035247802734,
        7.9478747844696045,
        2.9718286991119385
      ],
      "all_tokens_per_second": [
        32.756631821099354,
        34.72626425108164,
        35.33178074206525
      ]
    },
    "server_non_streaming": {
      "mode": "server",
      "streaming": false,
      "runs": 3,
      "avg_time_seconds": 77.58057045936584,
      "avg_tokens": 139.33333333333334,
      "avg_tokens_per_second": 1.842033560634327,
      "all_times": [
        123.71941876411438,
        48.0827317237854,
        60.939560890197754
      ],
      "all_tokens_per_second": [
        1.6731407411044328,
        1.8509763653044236,
        2.0019835754941244
      ]
    },
    "server_streaming": {
      "mode": "server",
      "streaming": true,
      "runs": 3,
      "avg_time_seconds": 57.08280595143636,
      "avg_tokens": 131.66666666666666,
      "avg_tokens_per_second": 2.3058916538223486,
      "all_times": [
        54.96679401397705,
        69.03094625473022,
        47.25067758560181
      ],
      "all_tokens_per_second": [
        2.3286786558345014,
        2.3033147975876807,
        2.2856815080448643
      ]
    }
  },
  "comparisons": {
    "direct_streaming_vs_non_streaming": {
      "speedup_factor": 0.7903478748815426,
      "conclusion": "Streaming is faster"
    },
    "server_streaming_vs_non_streaming": {
      "speedup_factor": 0.7988378628201764,
      "conclusion": "Streaming is faster"
    },
    "direct_vs_server_non_streaming": {
      "speedup_factor": 14.704647273778852,
      "conclusion": "Direct is faster"
    },
    "direct_vs_server_streaming": {
      "speedup_factor": 14.862605917009162,
      "conclusion": "Direct is faster"
    }
  }
}